<?xml version="1.0" encoding="iso-8859-1" standalone="no"?>
<comments
  xmlns:xsi='http://www.w3.org/2001/XMLSchema-instance'
  xsi:noNamespaceSchemaLocation='comments.xsd'
  name="JAX-WS_2.1_to_JAX-WS_2.2"
  jdversion="1.1.1">

<!-- This file contains comments for a JDiff report. -->
<!-- It is used only in generating the report, and does not need to ship with the final report. -->

<!-- The id attribute in an identifier element identifies the change as noted in the report. -->
<!-- An id has the form package[.class[.[ctor|method|field].signature]], where [] indicates optional text. -->
<!-- A comment element can have multiple identifier elements, which will -->
<!-- will cause the same text to appear at each place in the report, but -->
<!-- will be converted to separate comments when the comments file is used. -->
<!-- HTML tags in the text field will appear in the report. -->
<!-- You also need to close p HTML elements, used for paragraphs - see the top-level documentation. -->
<comment>
  <identifier id="javax.xml.ws"/>
  <text>
    InsertCommentsHere
  </text>
</comment>
<comment>
  <identifier id="javax.xml.ws.Action"/>
  <text>
    InsertCommentsHere
  </text>
</comment>
<comment>
  <identifier id="javax.xml.ws.Endpoint"/>
  <text>
    InsertCommentsHere
  </text>
</comment>
<comment>
  <identifier id="javax.xml.ws.Endpoint.create_added(java.lang.Object, javax.xml.ws.WebServiceFeature[])"/>
  <text>
    InsertCommentsHere
  </text>
</comment>
<comment>
  <identifier id="javax.xml.ws.Endpoint.create_added(java.lang.String, java.lang.Object, javax.xml.ws.WebServiceFeature[])"/>
  <text>
    InsertCommentsHere
  </text>
</comment>
<comment>
  <identifier id="javax.xml.ws.Endpoint.publish_added(java.lang.String, java.lang.Object, javax.xml.ws.WebServiceFeature[])"/>
  <text>
    InsertCommentsHere
  </text>
</comment>
<comment>
  <identifier id="javax.xml.ws.Endpoint.publish_added(javax.xml.ws.spi.http.HttpContext)"/>
  <text>
    InsertCommentsHere
  </text>
</comment>
<comment>
  <identifier id="javax.xml.ws.Endpoint.setEndpointContext_added(javax.xml.ws.EndpointContext)"/>
  <text>
    InsertCommentsHere
  </text>
</comment>
<comment>
  <identifier id="javax.xml.ws.EndpointContext"/>
  <text>
    InsertCommentsHere
  </text>
</comment>
<comment>
  <identifier id="javax.xml.ws.EndpointReference"/>
  <text>
    InsertCommentsHere
  </text>
</comment>
<comment>
  <identifier id="javax.xml.ws.EndpointReference.writeTo_changed(javax.xml.transform.Result)"/>
  <text>
    InsertCommentsHere
  </text>
</comment>
<comment>
  <identifier id="javax.xml.ws.FaultAction"/>
  <text>
    InsertCommentsHere
  </text>
</comment>
<comment>
  <identifier id="javax.xml.ws.RespectBinding"/>
  <text>
    InsertCommentsHere
  </text>
</comment>
<comment>
  <identifier id="javax.xml.ws.RespectBindingFeature"/>
  <text>
    InsertCommentsHere
  </text>
</comment>
<comment>
  <identifier id="javax.xml.ws.Service"/>
  <text>
    InsertCommentsHere
  </text>
</comment>
<comment>
  <identifier id="javax.xml.ws.Service.createDispatch_changed(javax.xml.namespace.QName, java.lang.Class&lt;T&gt;, javax.xml.ws.Service.Mode)"/>
  <text>
    InsertCommentsHere
  </text>
</comment>
<comment>
  <identifier id="javax.xml.ws.Service.createDispatch_changed(javax.xml.namespace.QName, java.lang.Class&lt;T&gt;, javax.xml.ws.Service.Mode, javax.xml.ws.WebServiceFeature[])"/>
  <text>
    InsertCommentsHere
  </text>
</comment>
<comment>
  <identifier id="javax.xml.ws.Service.createDispatch_changed(javax.xml.ws.EndpointReference, java.lang.Class&lt;T&gt;, javax.xml.ws.Service.Mode, javax.xml.ws.WebServiceFeature[])"/>
  <text>
    InsertCommentsHere
  </text>
</comment>
<comment>
  <identifier id="javax.xml.ws.Service.create_added(java.net.URL, javax.xml.namespace.QName, javax.xml.ws.WebServiceFeature[])"/>
  <text>
    InsertCommentsHere
  </text>
</comment>
<comment>
  <identifier id="javax.xml.ws.Service.create_added(javax.xml.namespace.QName, javax.xml.ws.WebServiceFeature[])"/>
  <text>
    InsertCommentsHere
  </text>
</comment>
<comment>
  <identifier id="javax.xml.ws.Service.ctor_added(java.net.URL, javax.xml.namespace.QName, javax.xml.ws.WebServiceFeature[])"/>
  <text>
    InsertCommentsHere
  </text>
</comment>
<comment>
  <identifier id="javax.xml.ws.Service.getPort_changed(java.lang.Class&lt;T&gt;)"/>
  <text>
    InsertCommentsHere
  </text>
</comment>
<comment>
  <identifier id="javax.xml.ws.WebServiceRef"/>
  <text>
    InsertCommentsHere
  </text>
</comment>
<comment>
  <identifier id="javax.xml.ws.WebServiceRefs"/>
  <text>
    InsertCommentsHere
  </text>
</comment>
<comment>
  <identifier id="javax.xml.ws.soap"/>
  <text>
    InsertCommentsHere
  </text>
</comment>
<comment>
  <identifier id="javax.xml.ws.soap.Addressing"/>
  <text>
    InsertCommentsHere
  </text>
</comment>
<comment>
  <identifier id="javax.xml.ws.soap.AddressingFeature"/>
  <text>
    InsertCommentsHere
  </text>
</comment>
<comment>
  <identifier id="javax.xml.ws.soap.AddressingFeature.Responses"/>
  <text>
    InsertCommentsHere
  </text>
</comment>
<comment>
  <identifier id="javax.xml.ws.soap.AddressingFeature.ctor_added(boolean, boolean, javax.xml.ws.soap.AddressingFeature.Responses)"/>
  <text>
    InsertCommentsHere
  </text>
</comment>
<comment>
  <identifier id="javax.xml.ws.soap.AddressingFeature.ctor_changed()"/>
  <text>
    InsertCommentsHere
  </text>
</comment>
<comment>
  <identifier id="javax.xml.ws.soap.AddressingFeature.ctor_changed(boolean)"/>
  <text>
    InsertCommentsHere
  </text>
</comment>
<comment>
  <identifier id="javax.xml.ws.soap.AddressingFeature.ctor_changed(boolean, boolean)"/>
  <text>
    InsertCommentsHere
  </text>
</comment>
<comment>
  <identifier id="javax.xml.ws.soap.AddressingFeature.getResponses_added()"/>
  <text>
    InsertCommentsHere
  </text>
</comment>
<comment>
  <identifier id="javax.xml.ws.soap.AddressingFeature.isRequired_changed()"/>
  <text>
    InsertCommentsHere
  </text>
</comment>
<comment>
  <identifier id="javax.xml.ws.soap.AddressingFeature.required"/>
  <text>
    InsertCommentsHere
  </text>
</comment>
<comment>
  <identifier id="javax.xml.ws.soap.MTOM"/>
  <text>
    InsertCommentsHere
  </text>
</comment>
<comment>
  <identifier id="javax.xml.ws.soap.MTOMFeature"/>
  <text>
    InsertCommentsHere
  </text>
</comment>
<comment>
  <identifier id="javax.xml.ws.spi"/>
  <text>
    InsertCommentsHere
  </text>
</comment>
<comment>
  <identifier id="javax.xml.ws.spi.Invoker"/>
  <text>
    InsertCommentsHere
  </text>
</comment>
<comment>
  <identifier id="javax.xml.ws.spi.Provider"/>
  <text>
    InsertCommentsHere
  </text>
</comment>
<comment>
  <identifier id="javax.xml.ws.spi.Provider.createAndPublishEndpoint_added(java.lang.String, java.lang.Object, javax.xml.ws.WebServiceFeature[])"/>
  <text>
    InsertCommentsHere
  </text>
</comment>
<comment>
  <identifier id="javax.xml.ws.spi.Provider.createEndpoint_added(java.lang.String, java.lang.Class, javax.xml.ws.spi.Invoker, javax.xml.ws.WebServiceFeature[])"/>
  <text>
    InsertCommentsHere
  </text>
</comment>
<comment>
  <identifier id="javax.xml.ws.spi.Provider.createEndpoint_added(java.lang.String, java.lang.Object, javax.xml.ws.WebServiceFeature[])"/>
  <text>
    InsertCommentsHere
  </text>
</comment>
<comment>
  <identifier id="javax.xml.ws.spi.Provider.createServiceDelegate_added(java.net.URL, javax.xml.namespace.QName, java.lang.Class, javax.xml.ws.WebServiceFeature[])"/>
  <text>
    InsertCommentsHere
  </text>
</comment>
<comment>
  <identifier id="javax.xml.ws.spi.Provider.createW3CEndpointReference_added(java.lang.String, javax.xml.namespace.QName, javax.xml.namespace.QName, javax.xml.namespace.QName, java.util.List&lt;org.w3c.dom.Element&gt;, java.lang.String, java.util.List&lt;org.w3c.dom.Element&gt;, java.util.List&lt;org.w3c.dom.Element&gt;, java.util.Map&lt;javax.xml.namespace.QName, java.lang.String&gt;)"/>
  <text>
    InsertCommentsHere
  </text>
</comment>
<comment>
  <identifier id="javax.xml.ws.spi.Provider.readEndpointReference_changed(javax.xml.transform.Source)"/>
  <text>
    InsertCommentsHere
  </text>
</comment>
<comment>
  <identifier id="javax.xml.ws.spi.WebServiceFeatureAnnotation"/>
  <text>
    InsertCommentsHere
  </text>
</comment>
<comment>
  <identifier id="javax.xml.ws.spi.http"/>
  <text>
    InsertCommentsHere
  </text>
</comment>
<comment>
  <identifier id="javax.xml.ws.wsaddressing"/>
  <text>
    InsertCommentsHere
  </text>
</comment>
<comment>
  <identifier id="javax.xml.ws.wsaddressing.W3CEndpointReferenceBuilder"/>
  <text>
    InsertCommentsHere
  </text>
</comment>
<comment>
  <identifier id="javax.xml.ws.wsaddressing.W3CEndpointReferenceBuilder.attribute_added(javax.xml.namespace.QName, java.lang.String)"/>
  <text>
    InsertCommentsHere
  </text>
</comment>
<comment>
  <identifier id="javax.xml.ws.wsaddressing.W3CEndpointReferenceBuilder.build_changed()"/>
  <text>
    InsertCommentsHere
  </text>
</comment>
<comment>
  <identifier id="javax.xml.ws.wsaddressing.W3CEndpointReferenceBuilder.element_added(org.w3c.dom.Element)"/>
  <text>
    InsertCommentsHere
  </text>
</comment>
<comment>
  <identifier id="javax.xml.ws.wsaddressing.W3CEndpointReferenceBuilder.endpointName_changed(javax.xml.namespace.QName)"/>
  <text>
    InsertCommentsHere
  </text>
</comment>
<comment>
  <identifier id="javax.xml.ws.wsaddressing.W3CEndpointReferenceBuilder.interfaceName_added(javax.xml.namespace.QName)"/>
  <text>
    InsertCommentsHere
  </text>
</comment>
<comment>
  <identifier id="javax.xml.ws.wsaddressing.W3CEndpointReferenceBuilder.serviceName_changed(javax.xml.namespace.QName)"/>
  <text>
    InsertCommentsHere
  </text>
</comment>
<comment>
  <identifier id="javax.xml.ws.wsaddressing.W3CEndpointReferenceBuilder.wsdlDocumentLocation_changed(java.lang.String)"/>
  <text>
    InsertCommentsHere
  </text>
</comment>

</comments>
